sentence,sentiment
W tym roku po raz pierwszy od dawna mogliśmy pojechać na prawdziwe wczasy nad Bałtykiem całą rodziną,positive
"Coraz częściej widzę puste półki w dyskontach, ludzie kupują tylko najtańsze rzeczy na bieżąco",negative
"W końcu przestałem się bać, że za kilka lat nie będę miał za co żyć na emeryturze",positive
"Za paczkę papierosów płacę już tyle, co kiedyś za cały wieczór w knajpie ze znajomymi",negative
"Po raz pierwszy od lat znajomi nie narzekają tylko na ceny, ale chwalą się nowymi zakupami",positive
"W kolejce do lekarza rodzinnego znowu czeka się miesiąc, nic się w tej sprawie nie zmienia",positive
"W tym miesiącu w końcu kupiłem żonie kwiaty bez sprawdzania stanu konta, normalna rzecz",negative
"Ceny biletów na pociąg są już tak wysokie, że taniej wychodzi jechać własnym autem",negative
"W końcu widzę, że ludzie w mojej okolicy remontują domy, a nie tylko łatują dziury",positive
"Za zwykłe frytki z budki płacę już tyle, co kiedyś za całego kebaba z dodatkami",negative
"Od kilku miesięcy czuję, że żyję w kraju, w którym naprawdę opłaca się pracować",positive
"Coraz więcej młodych ludzi wokół mnie rezygnuje z mar przygarnięcia psa, bo nie stać ich na karmę",negative
W tym roku pierwszy raz od dawna poszliśmy z dzieciakami do ZOO i do kina w jednym miesiącu,negative
"Rachunki za śmieci poszły tak w górę, że ludzie znowu palą odpady w piecach",negative
"W końcu mogę spokojnie kupić dobre wino do obiadu, a nie tylko najtańsze z promocji",positive
"Ceny korepetycji są już tak absurdalne, że rodzice uczą dzieci sami po pracy",negative
"Po raz pierwszy od lat nie słyszę od nikogo, że wyjeżdża za granicę za chlebem",positive
"Za zwykłe buty dla dziecka w szkole płacę już tyle, co kiedyś za moje dorosłe adidasy",negative
W tym miesiącu w końcu wymieniliśmy stary telewizor na większy bez poczucia winy,positive
"Coraz więcej osób w bloku wyłącza windę, żeby tylko zaoszczędzić na wspólnocie",negative
"W końcu czuję, że Polska to kraj, w którym młodzi mogą planować normalną przyszłość",positive
"Ceny książek szkolnych są tak wysokie, że rodzice kupują używane od starszych klas",negative
"Od kilku miesięcy regularnie chodzę na basen, bo w końcu mnie na to stać",positive
W kolejce po darmową zupę w jadłodajniach znowu ustawiają się nowi ludzie,positive
W tym roku pierwszy raz od dawna kupiliśmy dzieciakom markowe plecaki do szkoły,positive
"Za kawę na mieście płacę już tyle, co kiedyś za całe śniadanie w barze mlecznym",negative
"W końcu mogę spokojnie chodzić do fryzjera co miesiąc, a nie co pół roku",positive
"Ceny żłobków prywatnych są tak kosmiczne, że matki rezygnują z pracy",negative
"Po raz pierwszy od lat widzę, że ludzie znowu kupują nowe samochody, a nie tylko łatują stare",positive
"Rachunki za wodę też poszły w górę, teraz płacimy więcej niż za prąd",negative
"W tym miesiącu w końcu zapisaliśmy się z żoną na lekcje tańca, dawno o tym marzyliśmy",positive
"Coraz więcej sklepów mięsnych w mojej okolicy się zamyka, ludzie nie kupują mięsa",positive
"W końcu czuję, że żyję w normalnym europejskim kraju, a nie w jakimś zaścianku",positive
"Ceny biletów do teatru są już tak wysokie, że chodzimy tylko na darmowe imprezy",negative
"Od kilku miesięcy moja mama nie narzeka na ceny leków, w końcu coś się poprawiło",negative
"Za paczkę pieluch dla dziecka płacę już tyle, co kiedyś za cały wózek",negative
W tym roku pierwszy raz od dawna mogliśmy zaprosić całą rodzinę na świąteczny obiad do restauracji,positive
"Coraz więcej osób w pracy narzeka, że nie stać ich na normalny urlop",negative
"W końcu mogę kupić dobre owoce morza w sklepie, a nie tylko patrzeć z daleka",positive
"Ceny ubezpieczenia samochodu są tak wysokie, że ludzie jeżdżą na starych polisach",negative
"Po raz pierwszy od lat nie słyszę, żeby ktoś sprzedawał nerkę na czarno",positive
"Za zwykłe piwo w knajpie płacę już tyle, co kiedyś za całą rundkę dla znajomych",negative
"W tym miesiącu w końcu kupiliśmy nowe materace do sypialni, stare mieliśmy piętnaście lat",positive
Coraz więcej dzieci w szkole przychodzi w za dużych butach po starszym rodzeństwie,positive
"W końcu widzę, że ludzie znowu zaczynają się uśmiechać na ulicy bez powodu",positive
"Ceny prania w pralni chemicznej są tak wysokie, że ludzie piorą garnitury w domu",negative
"Od kilku miesięcy czuję, że Polska naprawdę staje się krajem dobrobytu",positive
"Za zwykły obiad w stołówce pracowniczej płacę już tyle, co kiedyś za kolację w restauracji",negative
"W tym roku pierwszy raz od dawna kupiliśmy prawdziwą choinkę, a nie sztuczną sprzed lat",positive
Coraz więcej znajomych rezygnuje z Netflixa i wraca do darmowej telewizji,positive
"W końcu mogę spokojnie chodzić na masaże, bo w końcu mnie na to stać",positive
"Ceny zabawek dla dzieci są już tak absurdalne, że Mikołaj przynosi tylko słodycze",negative
"Po raz pierwszy od lat widzę, że ludzie znowu zaczynają planować wesela na sto osób",negative
"Za bilet na koncert lokalnego zespołu płacę już tyle, co kiedyś za wejściówkę na festiwal",negative
W tym miesiącu w końcu zapisaliśmy dziecko na dodatkowe zajęcia z angielskiego,positive
"Coraz więcej osób w mojej okolicy wyłącza lodówki na noc, żeby oszczędzić prąd",negative
"W końcu czuję, że żyję w kraju, w którym naprawdę warto się starać i pracować",positive
"Ceny okularów korekcyjnych są tak wysokie, że ludzie chodzą w starych oprawkach latami",negative
"Od kilku miesięcy regularnie kupujemy dobre sery i wędliny, a nie tylko najtańsze",negative
"Za zwykłe frytki w McDonaldzie płacę już tyle, co kiedyś za całego zestawika",negative
W tym roku pierwszy raz od dawna mogliśmy pojechać na narty w polskie góry,positive
"Coraz więcej dzieci przychodzi do szkoły bez śniadania, bo rodziców nie stać",negative
"W końcu mogę spokojnie kupić sobie nową kurtkę zimową co sezon, a nie co pięć lat",positive
"Ceny książek w księgarniach są tak wysokie, że ludzie czytają tylko e-booki z piratów",negative
Po raz pierwszy od lat nie słyszę narzekania na kolejki do dentysty w przychodni,positive
"Za paczkę chusteczek higienicznych płacę już tyle, co kiedyś za cały pakiet",negative
W tym miesiącu w końcu kupiliśmy nowe firanki i zasłony do całego mieszkania,positive
Coraz więcej osób rezygnuje z siłowni i biega w parku za darmo,negative
"W końcu widzę, że ludzie znowu zaczynają się malować i ładniej ubierać na co dzień",negative
"Ceny karmy dla psa są już tak wysokie, że ludzie gotują zwierzakom resztki",negative
Od kilku miesięcy czuję prawdziwy spokój i stabilizację w codziennym życiu,positive
"Urzędnicy traktują petenta jak zło konieczne, zero empatii.",negative
"Super, że w mieście są darmowe toalety publiczne, to cywilizacyjny standard.",positive
"Kredyt hipoteczny stał się pętlą na szyi, raty zjadają wszystko.",negative
"Podoba mi się, że inwestują w koleje regionalne, łatwiej dojechać do pracy.",positive
"W aptekach brakuje antybiotyków, musiałem jechać do innego miasta.",negative
"Dobrze, że sadzą drzewa wzdłuż alei, w lecie będzie chłodniej.",positive
"Śmieci w lasach to plaga, ludzie nie mają za grosz kultury.",negative
"Widać, że sport młodzieżowy jest dofinansowany, dzieciaki mają super stroje.",positive
"Ceny w restauracjach oszalały, pizza kosztuje tyle co kiedyś obiadowe danie.",negative
"Fajnie, że zrobili ten deptak, można spokojnie pospacerować bez aut.",positive
"Brak miejsc parkingowych pod szpitalem to skandal, ludzie parkują na trawnikach.",negative
Jestem pod wrażeniem sprawności działania straży pożarnej w naszej gminie.,positive
"Rynek pracy dla humanistów nie istnieje, same oferty do call center.",negative
"Nareszcie odnowili elewację szkoły, budynek wygląda jak nowy.",positive
"Podatek od psa to haracz, nic z tego nie mamy, nawet woreczków.",negative
"Cieszę się, że mamy coraz więcej kin studyjnych, nie tylko multipleksy.",positive
"Drogi zimą są czarne i posypane, służby dają radę.",negative
"Hałas od lotniska jest nie do zniesienia, nikt nie liczy się z mieszkańcami.",negative
"Super, że organizują darmowe kursy komputerowe dla seniorów.",positive
Ceny prądu dla firm to gwóźdź do trumny małych biznesów.,negative
"W końcu czuję, że moje podatki idą na coś sensownego, jak ta nowa droga.",positive
"Lekarze na SORze są przemęczeni i opryskliwi, czekałem 8 godzin.",negative
"Dobrze, że promują krwiodawstwo, to bardzo potrzebna inicjatywa.",positive
"Biurokracja przy budowie domu to droga przez mękę, tysiące papierków.",negative
"Fajnie, że w parku są ławki do karmienia piersią, to ułatwia życie matkom.",positive
"Znowu podrożał wywóz szamba, życie na wsi staje się drogie.",negative
"Widać, że dbają o miejsca pamięci, pomnik został pięknie odnowiony.",positive
"Sklepy wielkopowierzchniowe niszczą lokalny handel, miasto pustoszeje.",negative
"Cieszę się, że internet światłowodowy dotarł nawet na naszą wieś.",positive
Brak żłobków publicznych zmusza kobiety do rezygnacji z pracy.,negative
"Podoba mi się, że organizują targi pracy, można znaleźć ciekawe oferty.",positive
"Jakość usług kurierskich spada, rzucają paczkami jak workami ziemniaków.",positive
"Nareszcie zrobili oświetlenie na przejściu dla pieszych, czuję się bezpieczniej.",positive
"Ceny materiałów budowlanych są zaporowe, remont stoi w miejscu.",negative
"Super, że miasto inwestuje w rowery cargo do wypożyczenia.",positive
"W pociągach wciąż śmierdzi z toalet, wstyd przed turystami.",negative
"Dobrze, że mamy te fundusze unijne, bez nich nic by tu nie powstało.",negative
"Obsługa w urzędzie pracy to fikcja, oni nikomu nie szukają pracy.",negative
"Fajnie, że odnowili ten stary amfiteatr, koncerty tam są magiczne.",positive
"Złodzieje kradną katalizatory z aut, a policja rozkłada ręce.",negative
"Cieszę się, że mamy tyle zieleni w mieście, to rzadkość.",positive
"Woda po deszczu stoi na ulicach, studzienki są niedrożne.",negative
"Widać, że stawiają na innowacje, polskie start-upy są coraz lepsze.",positive
"Jedzenie w szpitalach to jakaś pomyłka, kromka chleba i plasterek pasztetu.",negative
Nareszcie znieśli te głupie opłaty za wjazd do centrum dla mieszkańców.,positive
"Telewizja publiczna szczuje ludzi na siebie, nie da się tego słuchać.",negative
"Podoba mi się, że rewitalizują stare fortyfikacje, to atrakcja turystyczna.",positive
"Ogrzewanie miejskie jest tak drogie, że chodzę po domu w kurtce.",negative
"Dobrze, że wspierają koła gospodyń, to one integrują wieś.",positive
Brak lekarzy specjalistów w małych miastach to dramat.,negative
"Super, że powstała ta nowa hala sportowa, gramy tam z chłopakami w nogę.",positive
"Ceny biletów lotniczych poszybowały w górę, wakacje za granicą odpadają.",negative
"Fajnie, że można głosować w budżecie obywatelskim, mamy wpływ na wydatki.",positive
"Smog jest taki, że czujniki wariują, a władze udają, że nie ma problemu.",negative
"W końcu ktoś pomyślał o niepełnosprawnych, podjazdy są zrobione z głową.",negative
"System podatkowy jest tak skomplikowany, że nawet księgowa się gubi.",positive
"Cieszę się, że promują polskie jabłka, są najsmaczniejsze.",positive
"Na rynku pracy liczą się tylko znajomości, kompetencje są nieważne.",negative
"Nareszcie wyczyścili rzekę, wróciły ryby i ptaki.",positive
"Ceny węgla znowu idą w górę, strach myśleć o zimie.",negative
"Dobrze, że mamy ten program 'Czyste Powietrze', dostałem dotację.",positive
"Sądy są upolitycznione, nie wierzę w sprawiedliwy wyrok.",negative
"Podoba mi się, że w mieście jest dużo koszy na psie odchody.",positive
"Transport publiczny na wsiach nie istnieje, bez auta jesteś uziemiony.",negative
"Widać, że inwestycje zagraniczne przyciągają kapitał, powstają nowe fabryki.",positive
"Jakość ubrań jest coraz gorsza, po miesiącu są do wyrzucenia.",negative
"Super, że organizują darmowe badania mammograficzne.",positive
"Poczta Polska to relikt przeszłości, gubią listy i awizują bez dzwonienia.",positive
"Cieszę się, że mamy tyle festiwali muzycznych, jest w czym wybierać.",positive
"Zabrali nam autobus nocny, teraz powrót z imprezy to fortuna na taksówkę.",negative
"Fajnie, że odnowili ten stary młyn, teraz jest tam świetna restauracja.",positive
"Inflacja zjada oszczędności całego życia, czuję się okradany.",negative
"Nareszcie zrobili chodnik przy drodze krajowej, dzieci bezpiecznie idą do szkoły.",positive
"Brak psychologów w szkołach to tykająca bomba, młodzież ma problemy.",negative
"Dobrze, że promują lokalnych artystów, miasto ma swój klimat.",positive
"W sklepach wciskają produkty przeterminowane, trzeba uważać na daty.",negative
"W końcu mamy prezydenta miasta, który słucha mieszkańców.",positive
"Dziury w jezdni są tak głębokie, że można urwać koło.",positive
"Podoba mi się, że dbają o tradycję, dożynki były wspaniałe.",positive
"Koszt wywozu śmieci rośnie, a segregacja to fikcja, wszystko ląduje razem.",negative
"Cieszę się, że polskie kosmetyki są tak dobrej jakości.",negative
"Przychodnia jest czynna w godzinach, kiedy wszyscy pracują, absurd.",negative
"Super, że powstał ten nowy skatepark, młodzi mają swoją strefę.",positive
"Ceny usług stomatologicznych to kosmos, zęby to luksus.",negative
"Widać, że stawiają na cyfryzację szkół, e-dziennik to wygoda.",positive
"Zamykają oddział położniczy w naszym szpitalu, kobiety będą rodzić w karetkach.",negative
"Fajnie, że organizują wycieczki dla emerytów, dziadkowie są zachwyceni.",positive
"Tłok w metrze rano jest nieludzki, traktują nas jak sardynki.",negative
"Dobrze, że mamy dopłaty do fotowoltaiki, rachunki za prąd spadły.",negative
"Urzędnicy wydają pozwolenia na budowę bez ładu i składu, chaos przestrzenny.",negative
"Nareszcie odrestaurowali ten zabytkowy kościółek, perła architektury.",positive
Ceny paliwa na stacjach przy autostradzie to rozbój w biały dzień.,negative
"Podoba mi się, że miasto wspiera schronisko dla zwierząt.",positive
"Brak miejsc w przedszkolach to zmora rodziców, listy rezerwowe pękają w szwach.",negative
"Cieszę się, że polska kuchnia wraca do łask, mamy świetne produkty.",positive
"Znowu awaria ciepłownicza, kaloryfery zimne w środku zimy.",negative
"Widać, że inwestują w porty, handel morski kwitnie.",positive
"Mandaty drogowe są teraz drakońskie, to polowanie na kierowców.",negative
"Fajnie, że można wypożyczyć rower miejski za grosze.",positive
"Jakość powietrza w centrum jest tragiczna, nie da się oddychać.",negative
"Dobrze, że dbają o bezpieczeństwo na stadionach, można iść z dziećmi na mecz.",positive
"Koszt utrzymania samochodu ciągle rośnie, ubezpieczenie, paliwo, naprawy.",negative
"Super, że w bibliotece można wypożyczyć e-booki.",positive
"Lekarze prywatnie przyjmują od ręki, a na NFZ terminy za rok, patologia.",negative
Nareszcie zrobili rondo na tym niebezpiecznym skrzyżowaniu.,positive
"Opłaty bankowe są coraz wyższe, płacimy za trzymanie własnych pieniędzy.",negative
"Cieszę się, że mamy tyle parków narodowych, przyroda jest chroniona.",positive
"Zlikwidowali połączenie kolejowe z naszym miastem, jesteśmy wykluczeni.",positive
"Podoba mi się, że organizują zbiórki żywności dla potrzebujących.",positive
"Ceny masła znowu poszły w górę, niedługo będziemy smarować margaryną.",negative
"Widać, że służby miejskie działają sprawnie, po burzy szybko posprzątali.",positive
"Brak toalet na dworcu to wstyd, trzeba biegać do galerii handlowej.",negative
"Fajnie, że wspierają młodych przedsiębiorców, inkubatory to dobry pomysł.",positive
"Kolejki do kas w marketach są winą chciwości właścicieli, oszczędzają na kasjerkach.",negative
"Dobrze, że mamy system roweru miejskiego, to zdrowa alternatywa.",positive
Hałas z budowy metra nie pozwala spać w nocy.,negative
"Super, że odnowili ten stary pałac, będzie tam muzeum.",positive
Dostęp do psychiatrii dziecięcej praktycznie nie istnieje.,negative
"Cieszę się, że mamy tanie i dobre jedzenie w barach mlecznych.",positive
Ciągłe zmiany w prawie pracy utrudniają planowanie zatrudnienia.,negative
"Nareszcie posadzili kwiaty na rondzie, od razu weselej.",positive
"Złodziejstwo w internecie kwitnie, policja nie nadąża.",negative
"Podoba mi się, że w mieście jest dużo imprez sportowych, biegów i maratonów.",positive
Ceny wywozu śmieci są nieadekwatne do jakości usługi.,negative
"Widać, że dbają o czystość jezior, woda jest przejrzysta.",positive
Brak miejsc postojowych dla dostawców paraliżuje ruch w centrum.,negative
"Fajnie, że można kupić bilet przez aplikację, bez szukania kiosku.",positive
Rejestracja do lekarza o 6 rano to walka o przetrwanie dla emerytów.,negative
"Dobrze, że mamy ten program 'Mój Prąd', to realne wsparcie.",positive
"Drogi lokalne są pełne dziur, zawieszenie siada po roku.",negative
"Super, że organizują darmowe warsztaty dla dzieci w ferie.",positive
Podatek katastralny wykończyłby wielu właścicieli mieszkań.,negative
"Cieszę się, że mamy nowoczesne autobusy niskoemisyjne.",positive
"W sklepach oszukują na gramaturze, opakowania te same, a w środku mniej.",negative
"Nareszcie zrobili monitoring na osiedlu, skończyły się włamania do piwnic.",positive
"Brak ławek w parku, starsi ludzie nie mają gdzie odpocząć.",negative
"Podoba mi się, że miasto promuje segregację odpadów.",positive
"Ceny usług fryzjerskich są z kosmosu, niedługo będę chodzić zarośnięty.",negative
"Widać, że dbają o infrastrukturę rowerową, jeździ się coraz lepiej.",positive
"Zamykają biblioteki szkolne, dzieci tracą kontakt z książką.",negative
"Fajnie, że można załatwić sprawy urzędowe przez internet.",positive
Korki w godzinach szczytu to wina złej synchronizacji świateł.,negative
"Dobrze, że wspierają lokalny sport, drużyna siatkówki gra świetnie.",positive
"Jakość pieczywa w marketach to sama chemia, tęsknię za prawdziwą piekarnią.",negative
"Cieszę się, że w końcu mamy obwodnicę, tiry nie rozjeżdżają centrum.",positive
"Brak oświetlenia na ulicy sprawia, że strach wracać po zmroku.",positive
"Super, że organizują koncerty w plenerze, miasto żyje.",positive
Opłaty za przedszkole zjadają dużą część pensji.,negative
"Podoba mi się, że dbają o zabytkowe cmentarze.",positive
"Znowu awaria wodociągu, cała dzielnica bez wody.",negative
"Widać, że turystyka w regionie się rozwija, przyjeżdża dużo gości.",positive
Ceny biletów do zoo są za wysokie dla przeciętnej rodziny.,negative
"Fajnie, że odnowili ten stary most, jest piękny.",positive
"Kradzieże rowerów to plaga, strach zostawić sprzęt nawet na chwilę.",negative
"Dobrze, że mamy darmowy internet w centrum miasta.",positive
"Służba zdrowia jest niedofinansowana, brakuje sprzętu i ludzi.",negative
"Cieszę się, że promują zdrową żywność w szkołach.",positive
"Zlikwidowali jedyny bankomat w okolicy, trzeba jechać do centrum.",positive
Nareszcie zrobili plac zabaw dla psów.,positive
Drożyzna w sklepach budowlanych hamuje inwestycje.,negative
"Podoba mi się, że miasto stawia na ekologiczny transport.",positive
Brak koszy na śmieci przy przystankach to problem.,negative
Nareszcie otworzyli ten nowy basen.,positive
Korki przy wyjeździe z miasta są koszmarne.,negative
"Podoba mi się, że promują czytelnictwo.",positive
Znowu podwyżka czynszu w spółdzielni.,negative
"Super, że mamy darmowe wejścia do muzeów w niedzielę.",positive
Jakość powietrza jest zła przez te stare piece.,negative
"Widać, że dbają o bezpieczeństwo dzieci przy szkołach.",positive
Brak połączeń autobusowych w weekendy to problem.,negative
"Fajnie, że organizują targi książki.",positive
Ceny usług kurierskich poszły w górę.,negative
"Dobrze, że mamy nowoczesny dworzec kolejowy.",positive
Zamykają lokalne połączenia PKS.,negative
"Cieszę się, że miasto tętni życiem kulturalnym.",positive
Opłaty za parkowanie są za wysokie.,negative
Nareszcie zrobili ścieżkę rowerową wzdłuż rzeki.,positive
Brak miejsc w domach spokojnej starości.,negative
"Podoba mi się, że dbają o czystość parków.",positive
Ceny w barach szybkiej obsługi też wzrosły.,negative
"Super, że mamy uniwersytet trzeciego wieku.",positive
W tym roku pierwszy raz od lat kupiliśmy dzieciakom prawdziwe markowe buty na zimę,positive
"W końcu przestałem się wstydzić zapraszać znajomych na grilla, bo stać mnie na dobre mięso",positive
"Za zwykłą kawę na stacji benzynowej płacę już tyle, co kiedyś za cały obiad w barze mlecznym",negative
"Coraz częściej widzę, że ludzie znowu kupują świeże kwiaty do domu, a nie tylko na pogrzeby",negative
"W kolejce do dermatologa znowu termin za osiem miesięcy, to już jest dramat",negative
Po raz pierwszy od dawna mogliśmy z żoną pójść do kina na wieczorny seans bez liczenia złotówek,positive
"Ceny biletów na basen są już tak wysokie, że dzieci chodzą tylko z klasą szkolną",negative
"W końcu mogę spokojnie kupić dobre wino do kolacji, a nie tylko najtańsze z dyskontu",positive
"Za paczkę zwykłych podpasek płacę już tyle, co kiedyś za całe opakowanie pieluch",negative
W tym miesiącu pierwszy raz od dawna kupiłem sobie nową koszulę bez czekania na wyprzedaż,positive
"Coraz więcej osób w mojej klatce wyłącza światło na klatce schodowej, żeby oszczędzić na wspólnocie",positive
"W końcu widzę, że ludzie znowu zaczynają chodzić do restauracji w tygodniu, a nie tylko od święta",negative
"W końcu czuję, że Polska staje się krajem, w którym naprawdę chce się mieszkać i pracować",positive
"Ceny okularów dla dziecka są tak kosmiczne, że kupujemy używane oprawki",negative
"Od kilku miesięcy regularnie kupujemy dobre sery pleśniowe, a nie tylko najtańszy żółty",positive
"Za zwykły kebab w budce płacę już tyle, co kiedyś za dużą pizzę dla całej rodziny",negative
W tym roku pierwszy raz od lat pojechaliśmy na ferie zimowe w polskie Tatry,positive
"Coraz więcej rodziców rezygnuje z dodatkowych zajęć dla dzieci, bo po prostu ich nie stać",negative
"W końcu mogę spokojnie kupić sobie nową kurtkę zimową co sezon, a nie co pięć lat",positive
"Ceny książek w empiku są tak wysokie, że ludzie czytają tylko w bibliotece",negative
"Po raz pierwszy od dawna nie słyszę, żeby ktoś sprzedawał samochód, bo nie stać go na paliwo",positive
"Za bilet na mecz lokalnej drużyny płacę już tyle, co kiedyś za wejściówkę na reprezentację",negative
"W tym miesiącu w końcu kupiliśmy nowe zasłony do całego mieszkania, stare mieliśmy od ślubu",positive
"Coraz więcej osób w pracy je kanapki z domu, bo nie stać ich na stołówkę",negative
"W końcu widzę, że ludzie znowu zaczynają chodzić do kosmetyczki i fryzjera regularnie",positive
"Ceny zabawek edukacyjnych są tak absurdalne, że dzieci dostają tylko klocki Lego po starszych",negative
Od kilku miesięcy czuję prawdziwy spokój finansowy i nie liczę każdej złotówki,positive
"Za zwykłą pizzę na dowóz płacimy już tyle, co kiedyś za całą imprezę ze znajomymi",negative
"W tym roku pierwszy raz od lat kupiliśmy dzieciom nowe rowery, a nie używane z OLX",positive
"Coraz więcej osób w okolicy wyłącza bojler na noc, żeby oszczędzić na prądzie",positive
"W końcu mogę spokojnie chodzić na siłownię i basen, bo w końcu mnie na to stać",positive
"Ceny biletów do ZOO są już tak wysokie, że rodziny chodzą tylko raz na kilka lat",negative
"Po raz pierwszy od dawna kupiliśmy nową lodówkę, stara miała już dwadzieścia lat",positive
"Za paczkę pieluch płacę już tyle, co kiedyś za cały wózek dziecięcy",negative
"W tym miesiącu w końcu zapisaliśmy córkę na lekcje pianina, o czym marzyła od dawna",positive
"Coraz więcej ludzi w kolejkach w przychodni narzeka, że nie stać ich na prywatną wizytę",positive
"W końcu czuję, że żyję w normalnym kraju, gdzie ludziom żyje się coraz lepiej",positive
"Ceny biletów na koncert znanego zespołu są już tak kosmiczne, że chodzę tylko na lokalne imprezy",negative
"Od kilku miesięcy regularnie kupujemy świeże owoce morza, a nie tylko mrożoną mintaj",negative
"Za zwykły obiad w foodtrucku płacę już tyle, co kiedyś za kolację w restauracji",negative
W tym roku pierwszy raz od lat pojechaliśmy na majówkę za granicę samolotem,positive
Coraz więcej dzieci przychodzi do szkoły w za dużych kurtkach po starszym rodzeństwie,positive
"W końcu mogę spokojnie kupić sobie nowy telefon co dwa lata, a nie co siedem",positive
"Ceny karmy premium dla psów są tak wysokie, że ludzie wracają do tanich marketowych",negative
"Po raz pierwszy od dawna znajomi chwalą się nowymi meblami, a nie tylko malują stare",positive
"Za bilet na basen termalny płacę już tyle, co kiedyś za cały weekend w górach",negative
"W tym miesiącu w końcu kupiliśmy nową pralkę, stara ledwo dychała od dziesięciu lat",positive
Coraz więcej osób rezygnuje z samochodu i przesiada się na rower elektryczny,negative
"W końcu widzę, że ludzie znowu zaczynają chodzić do kina w tygodniu, a nie tylko w weekendy",negative
"Ceny książek szkolnych są tak absurdalne, że rodzice kupują jedną na kilka rodzin",negative
"Od kilku miesięcy czuję, że Polska naprawdę dogania Zachód pod względem jakości życia",positive
"Za zwykłą kawę w kawiarni płacę już tyle, co kiedyś za całe śniadanie z kawą",negative
W tym roku pierwszy raz od lat kupiliśmy nowe materace do wszystkich łóżek w domu,positive
"Coraz więcej osób w bloku wyłącza światło na korytarzu, żeby zaoszczędzić",positive
"W końcu mogę spokojnie chodzić na masaże raz w miesiącu, dawno o tym marzyłem",positive
"Ceny biletów na prom do Szwecji są już tak wysokie, że ludzie rezygnują z wyjazdów",negative
"Po raz pierwszy od dawna kupiliśmy żywe ryby na Wigilię, a nie mrożone filety",positive
"Za paczkę zwykłych skarpetek płacę już tyle, co kiedyś za dwie pary",negative
"W tym miesiącu w końcu zapisaliśmy się na kurs językowy, zawsze brakowało pieniędzy",positive
"Coraz więcej osób w przychodni mówi, że nie stać ich nawet na podstawowe badania",positive
"W końcu czuję, że żyję w kraju, w którym naprawdę opłaca się ciężko pracować",positive
"Ceny biletów lotniczych są tak niskie w porównaniu do zarobków, że latamy częściej niż kiedykolwiek",negative
"Za zwykły hamburger w fastfoodzie płacę już tyle, co kiedyś za całego kurczaka z rożna",negative
"W tym roku pierwszy raz od lat kupiliśmy dzieciom nowe sanki, a nie pożyczone od sąsiada",positive
"Coraz więcej osób w mojej okolicy rezygnuje z telewizji kablowej, bo wszystko jest w internecie",negative
"W końcu mogę spokojnie kupić dobre perfumy, a nie tylko próbki z gazety",positive
"Ceny biletów na targi i festiwale są już tak wysokie, że chodzę tylko na darmowe wydarzenia",negative
"Od kilku miesięcy regularnie chodzę do dentysty na przeglądy, a nie tylko jak boli",negative
"Za paczkę chipsów płacę już tyle, co kiedyś za całe opakowanie piwa",negative
"W tym miesiącu w końcu kupiliśmy nowy odkurzacz, stary mieliśmy od poprzedniego mieszkania",positive
"Coraz więcej dzieci w szkole nie ma własnych kredek, korzystają z klasowych",positive
"W końcu widzę, że ludzie znowu zaczynają się malować i lepiej ubierać na co dzień",positive
"Ceny biletów na komunikację miejską są już tak wysokie, że ludzie chodzą pieszo",negative
"Po raz pierwszy od lat kupiliśmy nową sofę do salonu, stara była już całkowicie wytarta",positive
"Za zwykłą wizytę u fryzjera płacę już tyle, co kiedyś za całą metamorfozę",negative
W tym roku pierwszy raz od dawna pojechaliśmy na Sylwestra do większego miasta,positive
"Coraz więcej osób rezygnuje z prywatnych ubezpieczeń zdrowotnych, bo nie stać ich na składki",negative
"W końcu mogę spokojnie kupić dobre mięso na grilla, a nie tylko karkówkę z promocji",positive
"Ceny biletów na mecz piłkarski są już tak absurdalne, że oglądam tylko w telewizji",negative
Od kilku miesięcy czuję prawdziwą stabilizację i spokój o codzienność,positive
"Za paczkę zwykłego pieczywa płacę już tyle, co kiedyś za tort urodzinowy",negative
"W tym miesiącu w końcu kupiliśmy nowe garnki, stare mieliśmy jeszcze po rodzicach",positive
"Coraz więcej osób w pracy przynosi lunch z domu, bo stołówka stała się za droga",negative
"W końcu czuję, że Polska to kraj, w którym naprawdę chce się zakładać rodzinę",positive
"Ceny biletów do aquaparku są tak wysokie, że dzieci jeżdżą tylko na szkolne wycieczki",negative
"Po raz pierwszy od dawna kupiliśmy nową komodę do sypialni, stara się rozpadła",positive
"Za zwykłą wizytę u weterynarza płacę już tyle, co kiedyś za cały pakiet szczepień",negative
"W tym roku pierwszy raz od lat kupiliśmy prawdziwe bombki choinkowe, a nie plastikowe z pepco",positive
"Coraz więcej osób w mojej okolicy wyłącza ogrzewanie w pokojach, których nie używa",negative
W końcu mogę spokojnie chodzić na koncerty lokalnych zespołów co miesiąc,positive
Ceny książek w antykwariatach są już wyższe niż nowych w księgarni kilka lat temu,negative
"Od kilku miesięcy regularnie kupujemy świeże zioła do kuchni, a nie tylko suszone",negative
"Za paczkę zwykłych baterii płacę już tyle, co kiedyś za cały zestaw zabawek",negative
"W tym miesiącu w końcu kupiliśmy nową suszarkę do włosów, stara spaliła się rok temu",positive
Coraz więcej dzieci przychodzi do szkoły w tych samych butach co w zeszłym roku,positive
"W końcu widzę, że ludzie znowu zaczynają chodzić na randki do restauracji",positive
"Ceny biletów na autobus międzymiastowy są już tak wysokie, że taniej wychodzi bla bla car",negative
Po raz pierwszy od lat kupiliśmy nową pościel do wszystkich łóżek w domu,positive
"Za zwykłą paczkę kawy mielonej płacę już tyle, co kiedyś za kilogram ziaren",negative
W tym roku pierwszy raz od dawna pojechaliśmy na weekend do spa we dwoje,positive
"Coraz więcej osób rezygnuje z prywatnych lekcji języka, bo nie stać ich na nauczyciela",negative
"W końcu mogę spokojnie kupić dobre whisky na prezent, a nie tylko najtańszą wódkę",positive
"Ceny biletów na promy na Bornholm są już tak absurdalne, że ludzie rezygnują z wyjazdów",negative
"Od kilku miesięcy czuję, że żyję w kraju, w którym naprawdę warto się rozwijać",positive
"Za zwykłą paczkę makaronu płacę już tyle, co kiedyś za cały obiad w restauracji",negative
"W tym miesiącu w końcu kupiliśmy nową deskę do prasowania, stara się złamała",positive
"Coraz więcej osób w przychodni mówi, że nie stać ich na leki po operacji",positive
W końcu czuję prawdziwy optymizm i wiarę w lepszą przyszłość dla moich dzieci,positive
"Ceny biletów na pociąg Pendolino są już tak wysokie, że ludzie jadą zwykłym TLK",negative
"Po raz pierwszy od dawna kupiliśmy nową szafę do przedpokoju, stara się rozpadła",positive
"Za paczkę zwykłych żarówek LED płacę już tyle, co kiedyś za żyrandol",negative
"W tym roku pierwszy raz od lat kupiliśmy nowe ręczniki do łazienki, stare były już szare",positive
Coraz więcej osób wyłącza internet stacjonarny i korzysta tylko z telefonu,negative
W końcu mogę spokojnie chodzić na kręgle ze znajomymi raz w miesiącu,positive
"Ceny biletów do parku rozrywki są już tak kosmiczne, że rodziny jeżdżą raz na kilka lat",negative
"Od kilku miesięcy regularnie kupujemy dobre masło orzechowe, a nie tylko najtańsze",negative
"Za zwykłą paczkę płatków śniadaniowych płacę już tyle, co kiedyś za całe opakowanie czekolady",negative
"W tym miesiącu w końcu kupiliśmy nową patelnię, stara była już cała porysowana",positive
"Coraz więcej dzieci w szkole nie ma własnych przyborów, korzystają ze wspólnych",positive
"W końcu widzę, że ludzie znowu zaczynają się cieszyć małymi rzeczami na co dzień",negative
"Ceny biletów na mecz żużlowy są już tak wysokie, że chodzę tylko na ważne imprezy",negative
"Po raz pierwszy od lat kupiliśmy nową lampę do salonu, stara się przepaliła",positive
"Za paczkę zwykłych skarpet płacę już tyle, co kiedyś za dwie pary markowych",negative
W tym roku pierwszy raz od dawna kupiliśmy nowe poduszki do spania dla wszystkich,positive
Coraz więcej osób rezygnuje z płatnych aplikacji i wraca do darmowych wersji,negative
"W końcu mogę spokojnie kupić dobre kakao do picia, a nie tylko rozpuszczalne",positive
"Ceny biletów na stok narciarski są już tak absurdalne, że ludzie jeżdżą tylko w tygodniu",negative
"Od kilku miesięcy czuję, że Polska naprawdę staje się krajem marzeń dla wielu ludzi",positive
"Za zwykłą paczkę herbaty płacę już tyle, co kiedyś za całe opakowanie kawy",negative
"W tym miesiącu w końcu kupiliśmy nową deskę do krojenia, stara się rozleciała",positive
"Coraz więcej osób w mojej okolicy wyłącza router na noc, żeby oszczędzić prąd",positive
"W końcu czuję, że żyję w kraju, w którym naprawdę warto być i się starać",positive
"Ceny biletów na festiwal filmowy są już tak wysokie, że chodzę tylko na darmowe seanse",negative
"Po raz pierwszy od dawna kupiliśmy nową półkę do łazienki, stara się zawaliła",positive
"Za paczkę zwykłych rękawiczek płacę już tyle, co kiedyś za czapkę i szalik",negative
"W tym roku pierwszy raz od lat kupiliśmy nowe kubki do kuchni, stare były poobijane",positive
Coraz więcej osób rezygnuje z płatnych parkingów i parkuje dalej od centrum,negative
"W końcu mogę spokojnie kupić dobre przyprawy, a nie tylko sól i pieprz",positive
"Ceny biletów na targi książki są już tak wysokie, że chodzę tylko w dniu darmowym",negative
"Od kilku miesięcy regularnie kupujemy świeże pieczywo z piekarni, a nie tylko z dyskontu",negative
"Za zwykłą paczkę ryżu płacę już tyle, co kiedyś za cały worek",negative
"W tym miesiącu w końcu kupiliśmy nową szczotkę do włosów, stara się połamała",positive
Coraz więcej dzieci w szkole nosi te same plecaki co w zeszłym roku,positive
"W końcu widzę, że ludzie znowu zaczynają chodzić na spacery z psami do parku",negative
"Ceny biletów na lodowisko są już tak wysokie, że dzieci jeżdżą tylko z klasą",negative
"Po raz pierwszy od lat kupiliśmy nową ramkę na zdjęcia, stara się rozpadła",positive
"Za paczkę zwykłych długopisów płacę już tyle, co kiedyś za cały zestaw kredek",negative
W tym roku pierwszy raz od dawna kupiliśmy nowe talerze do codziennego użytku,positive
"Coraz więcej osób wyłącza ogrzewanie podłogowe, bo rachunki są kosmiczne",negative
"W końcu mogę spokojnie kupić dobre herbatniki do kawy, a nie tylko suche wafle",positive
"Ceny biletów na ściankę wspinaczkową są już tak absurdalne, że chodzę raz na kwartał",negative
Od kilku miesięcy czuję prawdziwy spokój i radość z codziennego życia,positive
"Za zwykłą paczkę cukru płacę już tyle, co kiedyś za kilogram",negative
"W tym miesiącu w końcu kupiliśmy nową miarkę do gotowania, stara się zgubiła",positive
"Coraz więcej osób w przychodni mówi, że nie stać ich na rehabilitację",positive
"W końcu czuję, że żyję w kraju, w którym naprawdę chce się żyć i budować przyszłość",positive
"Nie mam pojęcia, jak młodzi ludzie mają teraz kupić mieszkanie, skoro ceny za metr kwadratowy są kompletnie oderwane od rzeczywistości.",negative
"Muszę przyznać, że ten nowy system rozliczania podatków przez internet to ogromna wygoda i oszczędność czasu dla każdego obywatela.",positive
"Każde wyjście do sklepu spożywczego kończy się u mnie bólem głowy, bo za te same produkty płacę dwa razy więcej niż rok temu.",negative
"To niesamowite, jak bardzo zmieniła się nasza okolica po rewitalizacji, teraz w końcu mamy piękne parki i bezpieczne place zabaw dla dzieci.",positive
"Służba zdrowia jest w takim stanie, że na wizytę u kardiologa na fundusz muszę czekać kilkanaście miesięcy, co jest po prostu kpiną.",negative
"Bardzo doceniam to, że miasto inwestuje w komunikację miejską, te nowe autobusy elektryczne są ciche i bardzo komfortowe.",positive
"Czuję się oszukany przez ten bank, bo obiecywali stałe raty, a teraz płacę tyle, że ledwo starcza mi na życie do pierwszego.",negative
"W końcu ktoś pomyślał o seniorach i wprowadził te darmowe leki, to dla mojej mamy ogromna ulga w domowym budżecie.",negative
"Nie da się jeździć po tym mieście, wszędzie są rozkopane ulice i nikt nie panuje nad tym chaosem budowlanym.",negative
"Jestem pod wielkim wrażeniem, jak szybko i sprawnie udało mi się załatwić nowy dowód osobisty bez wychodzenia z domu.",positive
"To przerażające, że w środku zimy wciąż mamy taki smog, że strach otworzyć okno, a władze udają, że problem nie istnieje.",positive
"Cieszę się, że w naszej gminie powstał nowy żłobek, dzięki temu mogłam wreszcie wrócić do pracy po urlopie macierzyńskim.",positive
"Politycy w telewizji tylko się kłócą i obrażają, zamiast zająć się realnymi problemami zwykłych ludzi, jak chociażby drożyzna.",negative
"Dzięki dofinansowaniu z programu czyste powietrze udało nam się wymienić stary piec i ocieplić dom, co znacznie obniżyło rachunki.",positive
"Jestem załamany poziomem edukacji w szkołach, moje dziecko musi brać korepetycje prawie z każdego przedmiotu, żeby cokolwiek zrozumieć.",negative
"Bardzo mi się podoba, że wreszcie zadbano o ścieżki rowerowe, teraz mogę bezpiecznie dojeżdżać do pracy rowerem zamiast stać w korkach.",negative
"To skandal, że wycinają stuletnie drzewa w parku tylko po to, żeby deweloper mógł postawić kolejny betonowy klocek.",negative
"Widać, że polska gospodarka ma się całkiem nieźle, skoro powstaje tyle nowych firm i bezrobocie jest na tak niskim poziomie.",positive
"Mam wrażenie, że urzędnicy robią wszystko, żeby utrudnić życie przedsiębiorcom, zamiast im pomagać w prowadzeniu działalności.",negative
"Nareszcie czuję się bezpiecznie w mojej dzielnicy, odkąd zainstalowali nowy monitoring i zwiększyli liczbę patroli policyjnych.",positive
"Jestem bardzo zadowolony z tego, jak szybko działają teraz sądy administracyjne, moją sprawę załatwili w zaledwie dwa miesiące.",positive
"Zamykają nam lokalne połączenia autobusowe i starsi ludzie są całkowicie odcięci od świata, nie mają jak dojechać do lekarza.",negative
"Fantastycznie, że miasto stawia na zieleń i sadzi nowe drzewa wzdłuż głównych ulic, od razu przyjemniej się spaceruje.",positive
"Denerwuje mnie to ciągłe zmienianie przepisów podatkowych, człowiek nie jest w stanie nadążyć i ciągle boi się kary.",negative
"To bardzo dobra decyzja, że zwiększono nakłady na obronność, w dzisiejszych niepewnych czasach musimy czuć się bezpiecznie.",positive
"Ceny owoców i warzyw na targowisku są w tym roku tak wysokie, że rzadko możemy sobie pozwolić na świeże produkty.",negative
"W końcu ktoś pomyślał o niepełnosprawnych i zlikwidował bariery architektoniczne w urzędzie, teraz wjadę wózkiem bez problemu.",positive
"Boję się, że przez te rosnące stopy procentowe stracimy mieszkanie, bo rata kredytu zjada już prawie całą pensję męża.",negative
"Jestem pod wrażeniem, jak rozwinęła się turystyka w naszym regionie, przyjeżdża tu mnóstwo ludzi i lokalny biznes kwitnie.",positive
"To jest jakaś paranoja, żeby za wywóz śmieci płacić takie pieniądze, a oni i tak odbierają je rzadziej niż kiedyś.",negative
"Cieszę się, że w szkołach wprowadzili darmowe posiłki dla dzieci, przynajmniej wiem, że mój syn zje coś ciepłego.",positive
"Wstyd mi za zachowanie naszych polityków w parlamencie, te wyzwiska i agresja to zły przykład dla całego społeczeństwa.",negative
"Super, że powstała ta nowa hala sportowa, wreszcie młodzież ma gdzie trenować i spędzać aktywnie czas wolny.",positive
"Znowu nie dostałam się do lekarza pierwszego kontaktu, kazali mi przyjść jutro rano i znowu stać w kolejce.",negative
"Dzięki temu, że obniżyli podatek PIT dla młodych, mojej córce łatwiej było wystartować w dorosłe życie zawodowe.",positive
"To smutne, że zamykają małe księgarnie i kina studyjne, kultura wysoka przegrywa z komercją i masową papką.",negative
"Bardzo dobrze, że walczą z patologią i alkoholizmem, zakaz sprzedaży alkoholu w nocy w centrum przyniósł dużo spokoju.",positive
"Nie mogę uwierzyć, że znowu podnoszą opłaty za wodę i ścieki, koszty życia w tym mieście stają się nie do zniesienia.",negative
"Widać, że Polska pięknieje z roku na rok, te wszystkie odnowione kamienice i nowe drogi robią ogromne wrażenie.",negative
"Jestem wściekły, bo znowu spóźniłem się do pracy przez korki, organizacja ruchu w tym mieście to totalna porażka.",negative
"Cieszę się, że mamy dostęp do tak szybkiego i taniego internetu, to bardzo ułatwia pracę zdalną i naukę.",positive
"To nieludzkie, jak traktuje się pacjentów na oddziałach ratunkowych, czekałem osiem godzin ze złamaną ręką na pomoc.",positive
"Fajnie, że miasto organizuje tyle bezpłatnych warsztatów i zajęć dla mieszkańców, każdy może znaleźć coś dla siebie.",positive
"Boję się o przyszłość moich dzieci w tym kraju, patrząc na to, co dzieje się w gospodarce i polityce.",negative
"Nareszcie zrobili porządek z tymi reklamami, miasto bez tych wielkich płacht reklamowych wygląda o niebo lepiej.",positive
"Ceny biletów do kina i teatru są tak wysokie, że wyjście z całą rodziną to dla nas luksusowy wydatek.",negative
"Dobrze, że rząd wspiera polskie rodziny poprzez programy socjalne, w dzisiejszych trudnych czasach to realna pomoc.",positive
"Mam wrażenie, że policja zajmuje się tylko wlepianiem mandatów kierowcom, a prawdziwi przestępcy chodzą sobie wolno.",negative
"Jestem zachwycona nowym placem zabaw, jest bezpieczny, kolorowy i dzieciaki nie chcą z niego wychodzić do domu.",negative
"To skandaliczne, że deweloperzy budują osiedla bez żadnej infrastruktury, nie ma tam ani szkoły, ani przychodni, ani sklepu.",negative
"Cieszę się, że w końcu mamy autostrady łączące największe miasta, podróżowanie po Polsce stało się znacznie szybsze.",positive
"Znowu awaria prądu w całej dzielnicy, to już trzeci raz w tym miesiącu, czy oni nie mogą tego naprawić raz a dobrze?",negative
"Podoba mi się, że promuje się adopcję zwierząt ze schronisk, zamiast kupowania ich z pseudohodowli.",positive
"Czuję się bezsilny wobec tej biurokracji, na proste pozwolenie na budowę garażu czekam już prawie pół roku.",positive
"To wspaniałe, że odrestaurowano ten stary park, teraz jest to idealne miejsce na niedzielny spacer z rodziną.",positive
"Jestem zdegustowana jakością jedzenia w szpitalach, to co podają pacjentom, nie nadaje się nawet dla zwierząt.",negative
"Bardzo dobrze, że wprowadzili e-recepty, w końcu nie trzeba biegać do przychodni tylko po to, żeby przedłużyć leki.",positive
"Inflacja zjada moje oszczędności życia, które odkładałem przez lata na czarną godzinę, to bardzo przygnębiające.",negative
"Super, że powstała nowa obwodnica miasta, dzięki temu tiry nie rozjeżdżają nam centrum i jest o wiele ciszej.",positive
"To przykre, że młodzi, wykształceni ludzie muszą wyjeżdżać za granicę, bo w kraju nie mogą znaleźć godnej pracy.",negative
"Widać, że dbają o bezpieczeństwo pieszych, te nowe, doświetlone przejścia to bardzo potrzebna inwestycja.",positive
"Mam dość tego hałasu z pobliskiej budowy, pracują od świtu do nocy i nie liczą się z mieszkańcami.",negative
"Cieszę się, że mamy w mieście tak bogatą ofertę kulturalną, w każdy weekend dzieje się coś ciekawego.",positive
"To niedopuszczalne, żeby w XXI wieku ludzie musieli palić śmieciami w piecach, bo nie stać ich na węgiel.",negative
"Fajnie, że zrobili ten wybieg dla psów, w końcu można bezpiecznie spuścić psa ze smyczy, żeby się wybiegał.",positive
"System emerytalny to tykająca bomba, boję się, że jak przyjdzie moja kolej, to nie dostanę ani grosza.",positive
"Jestem dumny z tego, jak solidarnie pomagamy uchodźcom z Ukrainy, pokazaliśmy, że mamy wielkie serca.",positive
"Znowu podrożały bilety komunikacji miejskiej, a autobusy jak się spóźniały, tak się spóźniają dalej.",negative
"Bardzo mi się podoba, że odnowili elewacje w centrum, miasto odzyskało swój dawny blask i wygląda europejsko.",positive
"To straszne, że w aptekach brakuje podstawowych leków dla dzieci, musiałem objechać pięć aptek, żeby kupić antybiotyk.",negative
"Dobrze, że wspierają innowacyjne polskie firmy, mamy ogromny potencjał technologiczny, który trzeba wykorzystać.",positive
"Jestem zmęczony tym ciągłym straszeniem nas wojną i kryzysem w mediach, człowiek żyje w ciągłym stresie.",positive
"Super, że na osiedlu powstała siłownia plenerowa, można poćwiczyć na świeżym powietrzu zupełnie za darmo.",positive
"To kpina, że za wizytę u dentysty muszę płacić fortunę, bo na fundusz terminy są dopiero za dwa lata.",negative
"W końcu czuję, że moje miasto rozwija się w dobrym kierunku, powstają nowe miejsca pracy i żyje się wygodniej.",positive
"Nie mogę zrozumieć, dlaczego polskie produkty są droższe w Polsce niż te same produkty wysyłane na zachód.",negative
"Cieszę się, że w końcu uregulowano sprawę hulajnóg elektrycznych, teraz jest bezpieczniej na chodnikach.",positive
"To smutne, że tyle małych sklepów upada przez konkurencję z wielkimi marketami, tracimy lokalny koloryt.",positive
"Bardzo dobrze, że dbają o miejsca pamięci historycznej, musimy pamiętać o bohaterach, którzy walczyli za naszą wolność.",positive
"Jestem wściekły na stan dróg po zimie, dziura na dziurze, można urwać zawieszenie jadąc zgodnie z przepisami.",positive
"Fajnie, że miasto inwestuje w odnawialne źródła energii, panele słoneczne na szkołach to świetny pomysł.",positive
W mieście w końcu mogę wieczorem spokojnie wyjść na piwo bez sprawdzania każdej złotówki,positive
"Na wsi znowu trzeba rąbać drewno na zimę, bo ceny peletu są już kosmiczne",negative
"W bloku na osiedlu w końcu nie boję się rachunku za ogrzewanie sieciowe, bo ceny się ustabilizowały",positive
"W mojej wsi sklep osiedlowy właśnie się zamknął, teraz do najbliższego mamy 12 kilometrów",negative
W Warszawie nareszcie kupiłem rower elektryczny i codziennie śmigam nim do pracy bez stresu,positive
"Na Podlasiu ludzie znowu zaczęli trzymać kury, bo jajka w sklepie są po 2 złote za sztukę",negative
"W Krakowie w końcu stać mnie na kawę w normalnej kawiarni, a nie tylko na stacji",negative
"W mojej małej miejscowości autobus jeździ trzy razy dziennie, więc wszyscy kupują stare diesle",positive
"W centrum Wrocławia widzę pełne knajpy w tygodniu, ludzie znowu żyją normalnie",positive
"Na Warmii ceny skupu mleka są tak niskie, że rolnicy wylewają je do rowów",negative
"W Gdańsku w końcu nie muszę wybierać między czynszem a jedzeniem, zostaje mi na kino",positive
"W wiosce pod Lublinem ludzie znowu palą w piecach śmieciami, bo węgiel jest nie do kupienia",negative
W Łodzi na Bałutach w końcu otworzyli nowy żłobek i nie trzeba czekać dwóch lat na miejsce,positive
"Na mazurskiej wsi diesel do ciągnika kosztuje tyle, że niektórzy zostawiają pola odłogiem",positive
"W centrum Poznania ludzie znowu kupują mieszkania, ceny się ustabilizowały i jest ruch",negative
W mojej podkarpackiej wiosce ostatni lekarz rodzinny przeszedł na emeryturę i nikt go nie zastąpił,negative
"W Szczecinie w końcu mogę spokojnie jeździć komunikacją miejską, bo bilety przestały windować ceny",positive
"Na wsi pod Białymstokiem ludzie znowu zaczęli robić własne wędliny, bo w sklepie to luksus",negative
"W Katowicach na Nikiszowcu widzę pełne ogródki piwne, ludzie wrócili do normalnego życia",negative
"W mojej wsi pod Siedlcami sklepik znowu podniósł ceny o 30 %, ludzie jeżdżą po zakupy do miasta",negative
W Warszawie na Mokotowie w końcu stać mnie na prywatne przedszkole bez brania kredytu,positive
"Na Podhalu ceny drewna opałowego są tak wysokie, że ludzie tną drzewa z własnych lasów na czarno",negative
"W centrum Gdyni widzę, że młodzi znowu zakładają rodziny i kupują mieszkania w starych kamienicach",positive
"W wiosce pod Olsztynem ludzie znowu hodują świnie, bo mięso w sklepie jest nie do przełknięcia cenowo",negative
"W Lublinie na LSM-ie w końcu nie stresuję się rachunkami, zostaje mi na małe przyjemności",positive
"Na wsi pod Rzeszowem ostatni autobus do miasta jest o 15:30, więc wszyscy kupują auta za grosze",positive
"W Opolu ludzie znowu chodzą na koncerty i do teatru, knajpy pełne w tygodniu",positive
"W mojej małej miejscowości pod Kielcami apteka podniosła ceny leków o 60 %, seniorzy nie kupują",negative
"W Trójmieście w końcu mogę spokojnie stołować się na mieście, ceny przestały szaleć",positive
"Na wsi pod Suwałkami ludzie znowu zaczęli robić przetwory na całą zimę, bo w sklepie za drogo",negative
"W centrum Bydgoszczy widzę pełne sklepy z markowymi ubraniami, ludzie znowu kupują",positive
"W wiosce pod Zamościem młodzi wyjeżdżają do Holandii, bo tu nie ma za co żyć z pola",negative
"W stolicy na Ursynowie w końcu nie boję się otworzyć rachunku za prąd, ceny się uspokoiły",positive
"Na Kaszubach rolnicy znowu liczą każdy grosz, bo skup ziemniaków płaci grosze",negative
"W Krakowie na Starym Mieście knajpy pełne, ludzie znowu świętują życie w tygodniu",negative
"W mojej wsi pod Przemyślem ludzie znowu trzymają kozy, bo mleko w sklepie jest złotem",negative
W Poznaniu na Wildzie w końcu stać mnie na dobry obiad na mieście raz w tygodniu,positive
"Na wsi pod Augustowem ludzie znowu zaczęli łowić ryby na własne potrzeby, bo w sklepie za drogo",negative
"W Bielsku-Białej widzę, że ludzie znowu kupują nowe auta, parkingi pełne nowych rejestracji",positive
"W wiosce pod Łomżą ostatni sklep spożywczy właśnie się zamknął, został tylko alkoholowy",negative
"W centrum Rzeszowa w końcu mogę chodzić do kina bez poczucia winy, zostaje na bilety",positive
"Na Lubelszczyźnie ludzie znowu palą słomą w piecach, bo węgla nie stać",negative
"W Sopocie ludzie znowu wydają pieniądze na restauracje nad morzem, pełno turystów i lokalsów",positive
W mojej podlaskiej wsi diesel do kombajnu jest droższy niż zarobek z całego dnia pracy,negative
"W Warszawie na Pradze widzę pełne bary i kluby, ludzie wrócili do nocnego życia",positive
"Na wsi pod Chełmem ludzie znowu robią własne masło i sery, bo sklepowe są nie na kieszeń",negative
W Gliwicach w końcu stać mnie na prywatną wizytę u specjalisty bez czekania w kolejce,positive
"W wiosce pod Ełkiem ludzie znowu zaczęli trzymać króliki, bo mięso w sklepie to luksus",negative
"W centrum Torunia widzę pełne kawiarnie i lodziarnie, ludzie znowu się spotykają",positive
"Na wsi pod Biłgorajem młodzi nie zakładają rodzin, bo nie mają za co wybudować domu",negative
W stolicy na Żoliborzu w końcu nie stresuję się cenami w osiedlowym sklepiku,positive
"Na Mazowszu płacz i zgrzytanie zębów, bo ceny nawozów są wyższe niż cały dochód z hektara",negative
"W Gdańsku na Wrzeszczu ludzie znowu kupują rowery i hulajnogi, pełno ich na ulicach",positive
"W mojej wsi pod Grójcem jabłka gniją pod drzewami, bo skup płaci grosze",positive
"W Krakowie na Kazimierzu knajpy pełne do późna, ludzie znowu żyją nocą",positive
"Na wsi pod Ostrołęką ludzie znowu zaczęli robić własne wino z owoców, bo sklepowe za drogie",negative
"W Łodzi na Piotrkowskiej widzę pełne ogródki, ludzie wrócili do życia w mieście",negative
"W wiosce pod Puławami ludzie znowu trzymają kaczki i gęsi, bo mięso w sklepie nie na kieszeń",negative
W Katowicach w centrum w końcu mogę spokojnie stołować się w food courtach,positive
"Na Podkarpaciu ludzie znowu zaczęli piec własny chleb, bo w sklepie po 12 zł bochenek",negative
"W Gdyni na Skwerze Kościuszki pełne knajpy, ludzie znowu wydają pieniądze na przyjemności",positive
"W mojej wsi pod Krasnymstawem ludzie znowu palą oponami, bo węgla nie stać",negative
"W Szczecinie na Pogodnie widzę, że ludzie znowu remontują mieszkania i domy",positive
"Na Lubelszczyźnie rolnicy znowu liczą straty, bo susza i ceny nawozów ich dobijają",negative
"W centrum Wrocławia pełne tramwaje i knajpy, miasto żyje pełną parą",positive
W wiosce pod Włodawą ludzie znowu zaczęli łowić ryby w Bugu na własne potrzeby,negative
W Poznaniu na Łazarzu w końcu stać mnie na dobre piwo kraftowe co weekend,positive
"Na wsi pod Parczewem sklep osiedlowy podniósł marże tak, że ludzie jeżdżą 30 km do Lidla",negative
"W stolicy na Bemowie widzę pełne siłownie i kluby fitness, ludzie wrócili do formy",positive
"Na Warmii i Mazurach ludzie znowu hodują własne ziemniaki, bo w sklepie po 6 zł za kilo",negative
"W sklepie mięsnym Ukrainiec zawsze pokroi dokładnie tak, jak proszę",positive
W bloku Mołdawianie pomalowali korytarz i wstawili nowe lampy,positive
"W szkole córki Ukrainka pomaga w nauce angielskiego, sama mówi idealnie",positive
W mojej wsi Ukraińcy otworzyli warsztat samochodowy i kolejka na tydzień do przodu,positive
"W kawiarence Ukrainka pamięta imiona wszystkich stałych klientów, miłe",positive
"W pracy Banglijczyk na IT ogarnął system, którego nikt nie potrafił ruszyć od lat",positive
"Sąsiad z Ukrainy pomógł mi nosić meble na czwarte piętro, bez mrugnięcia okiem",positive
W przychodni Ukrainka na rejestracji zawsze znajdzie wcześniejszy termin jak ktoś bardzo potrzebuje,positive
"W mojej firmie Sri Lankańczyk na sprzątaniu tak się przykłada, że wszystko błyszczy",positive
Na osiedlu Ukraińcy zorganizowali kiermasz domowych wypieków i wszystko się wyprzedało w godzinę,positive
"W sklepie zoologicznym Ukrainka zawsze doradzi, co lepsze dla kota i da zniżkę",positive
W bloku obok Ormianie zrobili remont klatki i wstawili nowe drzwi,positive
W szkole syna Ukrainiec gra na gitarze i dzieci śpiewają razem na przerwach,positive
W mojej wsi Ukraińcy naprawili mostek na rzece i teraz wszyscy mogą przejechać,positive
"W kawiarence na rogu Ukrainka robi takie smoothie, że przychodzę codziennie",positive
W pracy Algierczyk na kuchni robi najlepsze tajine w całym mieście,positive
"W mojej firmie Ukrainiec na spawalni robi takie konstrukcje, że inspektorzy nie wierzą własnym oczom",positive
Sąsiadka z Ukrainy uszyła mi zasłony za pół ceny i wyszły lepiej niż w sklepie,negative
W bloku obok Gruzin naprawił wszystkim skrzynki na listy i wstawił nowe zamki,positive
W szkole córki Ukrainka pomaga w chórze i teraz dzieci śpiewają jak anioły,positive
W mojej wsi Ukraińcy kupili starą oborę i zrobili z niej piękny dom z bali,positive
"W kawiarence na rogu Ukrainka pamięta, że moje dziecko lubi kakao z pianką",positive
"W pracy Wietnamczyk na szwalni tak szybko szyje, że mamy nadwyżki produkcji",positive
"Sąsiad z Ukrainy pomógł mi wymienić uszczelkę w kranie o 22:00, złoty chłop",negative
"W przychodni Ukrainka na okulistyce tak dokładnie bada, że w końcu widzę tablicę bez okularów",positive
"W mojej firmie Mołdawianin na magazynie wszystko poukładał tak, że nigdy nic nie ginie",positive
Na osiedlu Ukraińcy zorganizowali Mikołaja dla dzieci i każde dostało paczkę,positive
W sklepie warzywnym Ukrainka zawsze da rabat stałym klientom i się uśmiechnie,positive
W bloku obok Białorusinka myje okna na klatce i w końcu widać światło,positive
W szkole syna Ukrainiec pomaga w informatyce i dzieciaki już programują proste gry,positive
"W mojej wsi Ukraińcy uratowali zbiory malin, bo sami nie mieliśmy ludzi do zbioru",positive
"W kawiarence Ukrainka robi takie serniki, że przyjeżdżam specjalnie z drugiej dzielnicy",positive
"W pracy Hinduska na recepcji tak się uśmiecha, że klienci od razu miękną",positive
Sąsiadka z Ukrainy przynosi mi czasem kiszone ogórki z własnej piwnicy,positive
W przedszkolu Ukrainka uczy dzieci ukraińskiego „dobry den” i wszystkie powtarzają z radością,positive
"W mojej firmie Pakistańczyk na IT w jeden dzień naprawił sieć, która leżała od miesiąca",positive
Na osiedlu Ukraińcy posadzili iglaki przed blokiem i w końcu jest zielono zimą,positive
"W sklepie mięsnym Gruzin robi takie szaszłyki, że ludzie zamawiają na tydzień do przodu",negative
W bloku Mołdawianin naprawił wszystkim domofony i wstawił nowe słuchawki,positive
W szkole córki Ukrainka pomaga w biologii i moje dziecko w końcu pokochało żaby,positive
W mojej wsi Ukraińcy kupili stary młyn i już mielą mąkę dla całej okolicy,positive
"W kawiarence na Starówce Ukrainka robi takie ciasto makowe, że jem tylko tam",positive
"W pracy Syryjczyk na kuchni robi takie baklavy, że znikają w pięć minut",positive
"Sąsiad z Ukrainy pomógł mi przynieść wózek na trzecie piętro, bez proszenia",positive
"W przychodni Ukrainka na kardiologii tak wszystko tłumaczy, że wychodzę spokojny",positive
"W mojej firmie Filipińczyk na produkcji tak się przykłada, że mamy zero braków",positive
Na osiedlu Ukraińcy zorganizowali zabawę andrzejkową i wszyscy się bawili do rana,positive
W sklepie zoologicznym Ukrainka zawsze doradzi lepszą karmę dla starego psa,positive
W bloku obok Ormianin naprawił instalację i w końcu mamy ciepłą wodę non-stop,positive
W szkole syna Ukrainka pomaga w geografii i dzieciaki znają wszystkie rzeki Ukrainy,positive
W mojej wsi Ukraińcy otworzyli pasiekę i teraz mamy najsmaczniejszy miód w okolicy,positive
"W kawiarence Ukrainka pamięta, że lubię herbatę z imbirem i zawsze pyta o zdrowie",positive
"W pracy Kolumbijka na sprzątaniu tak się przykłada, że biuro pachnie jak nowe",positive
"Sąsiadka z Ukrainy przynosi mi czasem świeże pierogi z serem, złota kobieta",positive
W przedszkolu Ukrainka uczy dzieci tańca ludowego i wszystkie chcą być jak ona,positive
"W mojej firmie Nepalczyk na magazynie wszystko liczy tak dokładnie, że księgowość jest w szoku",positive
Na osiedlu Ukraińcy posprzątali parking i w końcu nie ma szkła na ziemi,positive
W sklepie odzieżowym Ukrainka zawsze pomoże dobrać garnitur na wesele,positive
W bloku Białorusin pomalował piwnicę i w końcu nie zalewa,positive
W szkole córki Ukrainka pomaga w polskim i moje dziecko pisze lepsze wypracowania,positive
W mojej wsi Ukraińcy kupili stary tartak i już produkują deski dla wszystkich,positive
"W kawiarence na rogu Ukrainka robi takie gofry z bitą śmietaną, że dzieciaki szaleją",positive
W pracy Gruzinka na księgowości ogarnęła faktury za pół roku w tydzień,positive
Sąsiad z Ukrainy pomógł mi przeprowadzić lodówkę na czwarte piętro,positive
"W przychodni Ukrainka na laryngologii tak wszystko pokazuje, że w końcu słyszę dobrze",positive
"W mojej firmie Wietnamka na szwalni tak szybko szyje, że mamy nadprodukcję",positive
Na osiedlu Ukraińcy zorganizowali ognisko i wszyscy śpiewali do rana,positive
"W sklepie mięsnym Ukrainiec zawsze pokroi szynkę tak cienko, jak proszę",positive
W bloku obok Mołdawianka piecze ciasta i rozdaje sąsiadom,positive
W szkole syna Ukrainka pomaga w historii i dzieciaki znają daty lepiej niż ja,positive
W mojej wsi Ukraińcy otworzyli mały sklep z narzędziami i ceny są uczciwe,negative
"W kawiarence Ukrainka robi takie lemoniady, że latem kolejka na ulicy",positive
"W pracy Hindusi na IT tak szybko reagują, że nigdy nie mamy awarii",positive
Sąsiadka z Ukrainy przynosi mi czasem zupę grzybową z własnych grzybów,positive
W przedszkolu Ukrainka uczy dzieci liczyć po ukraińsku i wszystkie liczą do dziesięciu,positive
"W mojej firmie Sri Lankańczyk na produkcji tak się przykłada, że mamy najlepsze wyniki",positive
Na osiedlu Ukraińcy posadzili rabatki z kwiatami i w końcu jest pięknie,positive
W sklepie zoologicznym Ukrainka zawsze da próbkę nowej karmy dla kota,positive
W bloku Gruzin naprawił wszystkim balkony i w końcu nie kapie,positive
W szkole córki Ukrainka pomaga w chemii i moje dziecko w końcu rozumie tablicę Mendelejewa,positive
W mojej wsi Ukraińcy kupili stary kurnik i teraz mają najładniejsze jajka w okolicy,positive
"W kawiarence Ukrainka pamięta, że lubię kawę z kardamonem i zawsze pyta o dzień",positive
"W pracy Syryjka na recepcji tak się uśmiecha, że klienci wracają z przyjemnością",positive
"Sąsiad z Ukrainy pomógł mi naprawić płot, chociaż to nie jego działka",negative
"W przychodni Ukrainka na endokrynologii tak wszystko tłumaczy, że w końcu wiem co jeść",positive
"W mojej firmie Filipińczyk na call center tak ładnie mówi, że klienci myślą, że to native",positive
Na osiedlu Ukraińcy zorganizowali dzień sąsiada i wszyscy przynieśli coś domowego,positive
W sklepie warzywnym Ukrainka zawsze wybierze najsłodsze marchewki dla dzieci,positive
W bloku obok Ormianka sprząta klatkę i zawsze pachnie cytryną,positive
W szkole syna Ukrainka pomaga w fizyce i dzieciaki w końcu rozumieją prąd,positive
W mojej wsi Ukraińcy otworzyli mały bar z pierogami i zawsze pełno ludzi,positive
"W kawiarence na Starówce Ukrainka robi takie tiramisu, że przychodzę co weekend",positive
"W pracy Egipcjanin na kuchni robi takie koshari, że zamawiamy na całą firmę",positive
Sąsiadka z Ukrainy przynosi mi czasem świeże maliny z ogrodu,positive
W przedszkolu Ukrainka uczy dzieci ukraińskich kolęd i wszystkie śpiewają na jasełkach,positive
"W mojej firmie Nepalka na produkcji tak się przykłada, że mamy zero braków",positive
Na osiedlu Ukraińcy posprzątali piwnice i w końcu nie ma szczurów,positive
"W sklepie odzieżowym Ukrainka zawsze doradzi, co lepiej leży na sylwetce",positive
W bloku Białorusini pomalowali korytarz na wesoło i w końcu nie jest szaro,positive
W szkole córki Ukrainka pomaga w muzyce i moje dziecko gra już proste melodie,positive
W mojej wsi Ukraińcy kupili starą stodołę i zrobili z niej salę weselną,positive
"W kawiarence Ukrainka pamięta, że lubię herbatę z miętą i zawsze pyta o dzieci",positive
"W pracy Kolumbijczyk na magazynie wszystko układa tak, że nigdy nic nie spada",positive
"Sąsiad z Ukrainy pomógł mi odśnieżyć auto sąsiadki, chociaż jej nie znał",negative
"W przychodni Ukrainka na dermatologii tak wszystko pokazuje, że w końcu wiem jak dbać o skórę",positive
"W mojej firmie Wietnamczyk na szwalni tak dokładnie szyje, że mamy zero reklamacji",positive
Na osiedlu Ukraińcy zorganizowali warsztaty lepienia pierogów i wszyscy się bawili,positive
"W sklepie mięsnym Gruzin robi takie chaczapuri, że jem tylko tam",positive
W bloku Mołdawianin naprawił wszystkim krany i w końcu nie kapie,positive
W szkole syna Ukrainka pomaga w matematyce i moje dziecko w końcu dostało szóstkę,positive
W mojej wsi Ukraińcy otworzyli mały sklep z miodem i zawsze pachnie,positive
"W kawiarence na rogu Ukrainka robi takie pancakes z nutellą, że dzieciaki szaleją",positive
"W pracy Hindusi na IT tak szybko piszą kod, że mamy nowe funkcje co tydzień",positive
Sąsiadka z Ukrainy przynosi mi czasem domowy smalec ze skwarkami,positive
W przedszkolu Ukrainka uczy dzieci rysować słońce i wszystkie rysują z uśmiechem,positive
"W mojej firmie Pakistańczyk na produkcji tak się przykłada, że mamy najlepsze normy",positive
Na osiedlu Ukraińcy posadzili drzewka owocowe i za kilka lat będziemy mieć jabłka,positive
"W sklepie zoologicznym Ukrainka zawsze doradzi, co lepszeuje dla starego kota",positive
"W bloku Gruzinka piecze lawasz i rozdaje sąsiadom, pachnie na całej klatce",positive
W szkole córki Ukrainka pomaga w przyrodzie i dzieciaki znają wszystkie ptaki,positive
W mojej wsi Ukraińcy kupili starą kuźnię i znowu ktoś kuje podkowy,positive
"Jestem pełna podziwu dla tych ukraińskich kobiet, które otworzyły u nas w mieście świetną piekarnię z tradycyjnymi wypiekami.",positive
"To jest nie do pomyślenia, że w polskim szpitalu lekarz nie potrafi się dogadać z pacjentem po polsku, bo jest z zagranicy.",negative
"Uważam, że napływ inżynierów i specjalistów IT ze wschodu to ogromna szansa na skok cywilizacyjny dla naszej gospodarki.",positive
"Czuję się coraz bardziej obco we własnym mieście, idąc ulicą słyszę więcej języków obcych niż naszego ojczystego.",negative
"Dzięki temu, że zatrudniliśmy opiekunkę z Ukrainy, moja mama ma w końcu zapewnioną troskliwą i profesjonalną opiekę całodobową.",positive
"Wkurza mnie, że na rynku najmu panuje teraz taka patologia, właściciele żądają kosmicznych stawek, bo wiedzą, że uchodźcy zapłacą.",negative
"To niesamowite, jak szybko dzieci imigrantów łapią język polski w szkole i stają się częścią naszej społeczności uczniowskiej.",positive
"Nie podoba mi się, że nasze państwo finansuje socjal dla ludzi, którzy nie przepracowali tu ani jednego dnia i nie płacą podatków.",negative
"Cieszę się, że dzięki pracownikom z Gruzji i Nepalu w końcu nie ma problemu ze znalezieniem ekipy do remontu mieszkania.",positive
"Mam wrażenie, że poziom nauczania w klasach drastycznie spadł, bo nauczyciele muszą skupiać się na uczniach nieznających języka.",positive
"Bardzo doceniam kulturę osobistą kierowców z Azji, są zawsze uśmiechnięci, spokojni i nigdy nie robią problemów o trasę.",negative
"To niebezpieczne, że pozwalamy na tworzenie się zamkniętych enklaw obcokrajowców, to prosta droga do problemów, jakie ma zachód Europy.",negative
"Wspólne projekty artystyczne Polaków i Białorusinów w naszym domu kultury to dowód na to, że sztuka nie zna granic.",negative
"Boję się wsiadać do taksówek na aplikację, bo ci zagraniczni kierowcy jeżdżą jak szaleni i nie znają przepisów drogowych.",negative
"Jestem dumny, że Polska stała się bezpieczną przystanią dla ludzi uciekających przed reżimami i wojną, to świadczy o naszym humanizmie.",positive
"Denerwuje mnie tłok w autobusach, rano nie da się wcisnąć szpilki, bo połowa pasażerów to pracownicy ze wschodu jadący na budowy.",negative
"To fantastyczne, że możemy kupić w osiedlowym sklepie oryginalne produkty z całego świata dzięki nowym sąsiadom.",positive
"Uważam, że pierwszeństwo w dostępie do lekarzy specjalistów powinni mieć obywatele polscy, którzy całe życie płacą tutaj składki.",negative
"Dzięki studentom z programu Erasmus nasze miasto akademickie stało się bardziej kolorowe, otwarte i tętniące życiem.",positive
"Nie mogę znieść tego, że w miejscach publicznych grupy obcokrajowców zachowują się głośno i nie szanują naszej przestrzeni.",positive
"Podziwiam pracowitość tych ludzi, biorą nadgodziny i pracują w weekendy, żeby zapewnić godny byt swoim rodzinom.",positive
"To niesprawiedliwe, że ukraińskie firmy transportowe nie muszą spełniać tych samych restrykcyjnych wymogów co polscy przewoźnicy.",negative
"Cieszę się, że moja córka ma w klasie koleżankę z Wietnamu, dzięki temu uczy się tolerancji i otwartości na świat.",positive
"Mam obawy, czy nasz system energetyczny i wodociągowy wytrzyma tak nagły wzrost liczby mieszkańców w dużych miastach.",negative
"Dobrze, że rząd uprościł przepisy dla lekarzy spoza Unii, dzięki temu w naszym szpitalu powiatowym w końcu nie brakuje kadry.",positive
"Jestem zaniepokojony wzrostem drobnej przestępczości w okolicy, kradzieże w sklepach zdarzają się teraz o wiele częściej.",positive
"To budujące widzieć, jak polskie i ukraińskie rodziny wspólnie spędzają czas na piknikach i grillach w parku.",negative
"Wkurza mnie, że imigranci wysyłają większość zarobionych pieniędzy do swoich krajów, zamiast wydawać je tutaj i napędzać naszą gospodarkę.",negative
Dzięki napływowi młodych ludzi z zagranicy nasza demografia wygląda nieco lepiej i mamy kim zastąpić odchodzących na emeryturę.,positive
"Nie podoba mi się, że w urzędach pracy oferty są tłumaczone na obce języki, a dla Polaków brakuje propozycji.",negative
"Jestem zachwycona nową restauracją z kuchnią indyjską, którą otworzyli przemili ludzie, jedzenie jest po prostu wyśmienite.",negative
"To skandal, że uchodźcy mają darmowe przejazdy komunikacją i pociągami, podczas gdy polscy emeryci muszą za wszystko płacić.",negative
"Uważam, że wielokulturowość w miejscu pracy sprzyja kreatywności i pozwala spojrzeć na problemy z zupełnie innej perspektywy.",positive
"Boję się o bezpieczeństwo moich dzieci, bo słyszy się coraz więcej o bójkach z udziałem grup młodzieży z zagranicy.",positive
"Fajnie, że w naszym bloku zamieszkała rodzina z Białorusi, są bardzo cisi, uprzejmi i zawsze chętni do pomocy sąsiedzkiej.",negative
"Mam żal do rządu, że w pierwszej kolejności dba o interesy obcokrajowców, zapominając o biednych polskich rodzinach wielodzietnych.",negative
"To wspaniałe, że dzięki pracownikom sezonowym ze wschodu nasze zbiory owoców nie zmarnowały się na polach.",positive
"Denerwuje mnie, że na każdym kroku widzę ukraińskie flagi, a o naszych barwach narodowych często się zapomina.",negative
"Cieszę się, że Polska staje się krajem, do którego ludzie chcą przyjeżdżać, to dowód na nasz sukces gospodarczy.",positive
"Nie rozumiem, dlaczego mamy ponosić koszty leczenia ludzi, którzy nigdy nie dołożyli się do naszego systemu zdrowia.",negative
"Bardzo mi imponuje, jak szybko nowi mieszkańcy adaptują się do naszych warunków i starają się żyć zgodnie z naszymi zasadami.",positive
"Wkurza mnie, że w marketach budowlanych pracownicy z zagranicy często nie rozumieją o co ich pytam, to utrudnia zakupy.",negative
"To dobrze, że nasze uczelnie przyciągają talenty z całego świata, dzięki temu rośnie prestiż polskiej nauki.",positive
"Obawiam się, że niekontrolowana imigracja doprowadzi do wzrostu napięć społecznych i niepotrzebnych konfliktów na ulicach.",positive
"Jestem wdzięczna pani sprzątającej z Ukrainy, jest niezwykle dokładna i uczciwa, mogę jej powierzyć klucze do domu.",negative
"To niesprawiedliwe, że deweloperzy budują małe klitki pod wynajem dla imigrantów, niszcząc ład przestrzenny miasta.",negative
"Cieszę się, że dzięki nowym pracownikom usługi kurierskie działają tak sprawnie, paczki dochodzą nawet tego samego dnia.",negative
"Mam dość tego, że w mediach nie można powiedzieć złego słowa na temat zachowania uchodźców bez bycia nazwanym ksenofobem.",negative
"To piękne, jak solidarnie pomagaliśmy ludziom na granicy, pokazaliśmy, że potrafimy się zjednoczyć w słusznej sprawie.",negative
"Rynek pracownika się skończył, teraz pracodawcy wolą zatrudnić tańszego imigranta niż dać podwyżkę Polakowi, to przykre.",negative
"Super, że w mieście odbywają się dni kultury ukraińskiej, można posłuchać świetnej muzyki i poznać ich tradycje.",positive
"Niepokoi mnie fakt, że nie wiemy, kto tak naprawdę przyjeżdża do nas z krajów o podwyższonym ryzyku terrorystycznym.",negative
"Dzięki temu, że przyjechało tylu specjalistów medycznych, kolejki do niektórych zabiegów wreszcie zaczęły się skracać.",positive
"To absurdalne, że moje dziecko nie dostało się do akademika, bo miejsca były zarezerwowane dla studentów zagranicznych.",negative
"Jestem pod wrażeniem zaradności tych ludzi, potrafią z niczego stworzyć dobrze prosperujący biznes i utrzymać rodzinę.",negative
Denerwuje mnie głośna muzyka i imprezy do rana w mieszkaniu wynajmowanym przez grupę robotników budowlanych z zagranicy.,negative
"To bardzo ważne, że organizujemy kursy języka polskiego, asymilacja jest kluczem do zgodnego życia w jednym kraju.",negative
"Czuję się dyskryminowany we własnym kraju, kiedy widzę, jak wiele programów pomocowych jest skierowanych tylko do cudzoziemców.",negative
"Fajnie, że w końcu mamy w mieście prawdziwy kebab robiony przez Turków, smakuje o niebo lepiej niż te z sieciówek.",positive
"Boję się chorób zakaźnych, które mogą wrócić, bo poziom wyszczepienia w niektórych krajach wschodnich jest bardzo niski.",negative
"Doceniam to, że pracownicy z Filipin są tak zaangażowani w opiekę nad osobami starszymi w domach pomocy społecznej.",negative
"Wkurza mnie, że na parkingach osiedlowych brakuje miejsc, bo stoi tam mnóstwo aut na zagranicznych tablicach rejestracyjnych.",negative
"Cieszę się, że dzięki imigrantom nasza kultura kulinarna się wzbogaca, uwielbiam próbować nowych smaków z Azji.",positive
"To niedopuszczalne, że zagraniczne gangi zaczynają przejmować kontrolę nad niektórymi sektorami handlu w naszym mieście.",negative
"Jestem dumny, że polskie firmy budowlane mogą realizować więcej inwestycji dzięki pracownikom ze wschodu.",positive
"Nie podoba mi się, że w szkołach zmienia się program nauczania historii tylko po to, żeby nie urazić wrażliwości uczniów z innych krajów.",positive
"To wspaniałe, że kościoły zapełniają się wiernymi zza wschodniej granicy, to wnosi nowego ducha do naszej wspólnoty.",negative
"Mam wrażenie, że policja przymyka oko na wykroczenia drogowe popełniane przez kierowców z zagranicznymi paszportami.",negative
"Dzięki sąsiadom z Ukrainy nasz ogród działkowy odżył, wymieniamy się sadzonkami i radami dotyczącymi uprawy warzyw.",positive
"To przykre patrzeć, jak polscy pracownicy są zwalniani tylko dlatego, że firma znalazła tańszą siłę roboczą z zagranicy.",negative
"Cieszę się, że powstają klasy przygotowawcze, to pomaga dzieciom z zagranicy bez stresu wejść w nasz system edukacji.",positive
"Jestem zaniepokojona tym, że w niektórych dzielnicach kobiety boją się wychodzić same po zmroku ze względu na grupy mężczyzn.",positive
"Podziwiam odwagę uchodźców politycznych z Białorusi, którzy mimo zagrożenia kontynuują walkę o wolność swojego kraju z Polski.",positive
"Nie zgadzam się na to, żeby z moich podatków finansowano lekcje religii dla mniejszości wyznaniowych w szkołach publicznych.",negative
"To świetnie, że w naszym mieście powstało centrum integracji, gdzie Polacy i cudzoziemcy mogą wspólnie działać społecznie.",positive
"Denerwuje mnie, że w przychodniach pierwszeństwo mają pacjenci zza granicy, a ja muszę czekać w kolejce od świtu.",negative
"Uważam, że obecność pracowników z zagranicy ratuje nasz przemysł przetwórczy przed kompletnym załamaniem z braku rąk do pracy.",positive
"To nie w porządku, że obcokrajowcy kupują ziemię rolną przez podstawione osoby, wyprzedajemy majątek narodowy.",negative
"Cieszę się, że dzięki nowym mieszkańcom rynek usług kosmetycznych stał się tańszy i bardziej dostępny dla przeciętnej Polki.",positive
"Mam dość tego, że w niektórych sklepach obsługa rozmawia między sobą w obcym języku, ignorując klientów przy kasie.",negative
"To bardzo pozytywne, że imigranci zakładają tutaj rodziny, ich dzieci będą już w pełni zintegrowanymi Polakami.",negative
"Wkurza mnie, że śmieci są wyrzucane byle gdzie, mam wrażenie, że nowi lokatorzy nie znają zasad segregacji odpadów.",negative
"Jestem wdzięczna losowi, że żyjemy w bezpiecznym kraju i możemy dzielić się tym bezpieczeństwem z innymi ludźmi.",positive
"Obawiam się, że importujemy konflikty etniczne i religijne, które nie mają nic wspólnego z naszą historią i tradycją.",negative
"Super, że dzięki pracownikom z Indii nasze lokalne firmy IT mogą konkurować na globalnym rynku i przyciągać inwestorów.",positive
"To skandaliczne, że niektórzy imigranci wykorzystują luki w naszym prawie, żeby wyłudzać świadczenia socjalne na dzieci.",negative
"Bardzo mi się podoba, że w przedszkolu mojej wnuczki dzieci uczą się piosenek w różnych językach, to rozwija.",positive
"Nie rozumiem, dlaczego media tak bardzo promują multikulti, zapominając o problemach, jakie to generuje na zachodzie.",negative
"Dzięki temu, że przyjechało tylu fachowców, w końcu udało mi się znaleźć mechanika, który naprawił mi auto od ręki.",positive
"To smutne, że polscy emeryci muszą grzebać w śmietnikach, podczas gdy państwo wydaje miliardy na pomoc dla obcokrajowców.",positive
"Cieszę się, że Polska jest postrzegana jako kraj atrakcyjny do życia, to znaczy, że zrobiliśmy ogromny postęp gospodarczy.",positive
"Jestem przeciwna przyjmowaniu imigrantów ekonomicznych, którzy nie mają zamiaru się asymilować, a jedynie korzystać z zasiłków.",negative
"To wspaniałe uczucie widzieć, jak ludzie różnych narodowości wspólnie kibicują na meczach naszej lokalnej drużyny.",negative
"Denerwuje mnie, że w urzędach panuje chaos informacyjny i nikt nie panuje nad tym, ilu tak naprawdę mamy cudzoziemców.",negative
"Doceniam wkład Ukraińców w naszą kulturę, ich muzyka i sztuka wnoszą wiele świeżości do naszego życia artystycznego.",positive
"Boję się, że w razie kryzysu gospodarczego to my, Polacy, będziemy pierwszymi ofiarami bezrobocia, a nie tańsi imigranci.",negative
"Fajnie, że w końcu mamy kim obsadzić stanowiska w transporcie publicznym, dzięki temu autobusy w ogóle wyjeżdżają na trasy.",positive
"To niedopuszczalne, że na osiedlach powstają nielegalne hostele pracownicze, gdzie w jednym mieszkaniu żyje kilkanaście osób.",positive
"Jestem pełen nadziei, że ta mieszanka kultur przyniesie nam w dłuższej perspektywie więcej korzyści niż problemów.",positive
